network_type,N,<k>,seq,RSU_Sampling,MDS_1,MDS_2,Diff_MDS_1,Diff_MDS_2,UDS_0,UDS_CLAPS,UDS_RSU,time_CLAPS,time_RSU
ER,1000,2.0,0,20,441,431,269,259,700,633,674,0.07175207138061523,0.20417547225952148
ER,1000,2.0,0,50,441,431,269,259,700,633,675,0.07175207138061523,0.5243325233459473
ER,1000,2.0,0,100,441,431,269,259,700,633,672,0.07175207138061523,1.0423312187194824
ER,1000,2.0,0,200,441,431,269,259,700,633,669,0.07175207138061523,2.1412696838378906
ER,1000,2.0,1,20,441,431,261,251,692,633,672,0.021612882614135742,0.21509218215942383
ER,1000,2.0,1,50,441,431,261,251,692,633,672,0.021612882614135742,0.5459582805633545
ER,1000,2.0,1,100,441,431,261,251,692,633,670,0.021612882614135742,1.0946247577667236
ER,1000,2.0,1,200,441,431,261,251,692,633,669,0.021612882614135742,2.1428892612457275
ER,1000,2.0,2,20,441,431,256,246,687,633,672,0.021825313568115234,0.22100520133972168
ER,1000,2.0,2,50,441,431,256,246,687,633,674,0.021825313568115234,0.5609240531921387
ER,1000,2.0,2,100,441,431,256,246,687,633,671,0.021825313568115234,1.075188159942627
ER,1000,2.0,2,200,441,431,256,246,687,633,668,0.021825313568115234,2.163245439529419
ER,1000,2.0,3,20,441,431,254,244,685,633,674,0.020528316497802734,0.2160496711730957
ER,1000,2.0,3,50,441,431,254,244,685,633,676,0.020528316497802734,0.5355777740478516
ER,1000,2.0,3,100,441,431,254,244,685,633,671,0.020528316497802734,1.042769432067871
ER,1000,2.0,3,200,441,431,254,244,685,633,672,0.020528316497802734,2.128084659576416
ER,1000,2.0,4,20,441,431,258,248,689,633,674,0.02050018310546875,0.22258257865905762
ER,1000,2.0,4,50,441,431,258,248,689,633,674,0.02050018310546875,0.5348172187805176
ER,1000,2.0,4,100,441,431,258,248,689,633,669,0.02050018310546875,1.0561137199401855
ER,1000,2.0,4,200,441,431,258,248,689,633,668,0.02050018310546875,2.1311888694763184
ER,1000,2.0,5,20,441,431,266,256,697,633,671,0.0222015380859375,0.21204876899719238
ER,1000,2.0,5,50,441,431,266,256,697,633,669,0.0222015380859375,0.5321252346038818
ER,1000,2.0,5,100,441,431,266,256,697,633,668,0.0222015380859375,1.0957071781158447
ER,1000,2.0,5,200,441,431,266,256,697,633,671,0.0222015380859375,2.1296870708465576
ER,1000,2.0,6,20,441,431,265,255,696,633,675,0.021739482879638672,0.21663308143615723
ER,1000,2.0,6,50,441,431,265,255,696,633,675,0.021739482879638672,0.5275290012359619
ER,1000,2.0,6,100,441,431,265,255,696,633,672,0.021739482879638672,1.054443359375
ER,1000,2.0,6,200,441,431,265,255,696,633,668,0.021739482879638672,2.1339046955108643
ER,1000,2.0,7,20,441,431,256,246,687,633,670,0.02083277702331543,0.2155451774597168
ER,1000,2.0,7,50,441,431,256,246,687,633,672,0.02083277702331543,0.532630205154419
ER,1000,2.0,7,100,441,431,256,246,687,633,669,0.02083277702331543,1.0617632865905762
ER,1000,2.0,7,200,441,431,256,246,687,633,669,0.02083277702331543,2.117405414581299
ER,1000,2.0,8,20,441,431,251,241,682,633,674,0.020124197006225586,0.21498441696166992
ER,1000,2.0,8,50,441,431,251,241,682,633,675,0.020124197006225586,0.5321393013000488
ER,1000,2.0,8,100,441,431,251,241,682,633,670,0.020124197006225586,1.0432510375976562
ER,1000,2.0,8,200,441,431,251,241,682,633,672,0.020124197006225586,2.115499258041382
ER,1000,2.0,9,20,441,431,260,250,691,633,675,0.02164769172668457,0.21771025657653809
ER,1000,2.0,9,50,441,431,260,250,691,633,672,0.02164769172668457,0.5240769386291504
ER,1000,2.0,9,100,441,431,260,250,691,633,667,0.02164769172668457,1.07954740524292
ER,1000,2.0,9,200,441,431,260,250,691,633,672,0.02164769172668457,2.1245620250701904
BA,1000,2.0,0,20,543,537,238,232,775,723,762,0.01794910430908203,0.24644112586975098
BA,1000,2.0,0,50,543,537,238,232,775,723,754,0.01794910430908203,0.5998752117156982
BA,1000,2.0,0,100,543,537,238,232,775,723,756,0.01794910430908203,1.1769742965698242
BA,1000,2.0,0,200,543,537,238,232,775,723,756,0.01794910430908203,2.4293365478515625
BA,1000,2.0,1,20,543,537,227,221,764,723,758,0.016744613647460938,0.2335186004638672
BA,1000,2.0,1,50,543,537,227,221,764,723,759,0.016744613647460938,0.599860668182373
BA,1000,2.0,1,100,543,537,227,221,764,723,758,0.016744613647460938,1.1871192455291748
BA,1000,2.0,1,200,543,537,227,221,764,723,758,0.016744613647460938,2.423262596130371
BA,1000,2.0,2,20,543,537,237,231,774,723,764,0.017139673233032227,0.24143624305725098
BA,1000,2.0,2,50,543,537,237,231,774,723,760,0.017139673233032227,0.5798308849334717
BA,1000,2.0,2,100,543,537,237,231,774,723,759,0.017139673233032227,1.1965126991271973
BA,1000,2.0,2,200,543,537,237,231,774,723,755,0.017139673233032227,2.569023609161377
BA,1000,2.0,3,20,543,537,233,227,770,723,765,0.01721954345703125,0.23739385604858398
BA,1000,2.0,3,50,543,537,233,227,770,723,759,0.01721954345703125,0.5987203121185303
BA,1000,2.0,3,100,543,537,233,227,770,723,759,0.01721954345703125,1.1966114044189453
BA,1000,2.0,3,200,543,537,233,227,770,723,755,0.01721954345703125,2.4117891788482666
BA,1000,2.0,4,20,543,537,236,230,773,723,763,0.017508983612060547,0.23679780960083008
BA,1000,2.0,4,50,543,537,236,230,773,723,763,0.017508983612060547,0.606907844543457
BA,1000,2.0,4,100,543,537,236,230,773,723,758,0.017508983612060547,1.2219231128692627
BA,1000,2.0,4,200,543,537,236,230,773,723,755,0.017508983612060547,2.400500535964966
BA,1000,2.0,5,20,543,537,233,227,770,723,761,0.017255783081054688,0.2393639087677002
BA,1000,2.0,5,50,543,537,233,227,770,723,757,0.017255783081054688,0.6064925193786621
BA,1000,2.0,5,100,543,537,233,227,770,723,758,0.017255783081054688,1.2099025249481201
BA,1000,2.0,5,200,543,537,233,227,770,723,756,0.017255783081054688,2.366666555404663
BA,1000,2.0,6,20,543,537,237,231,774,723,759,0.017545700073242188,0.23941969871520996
BA,1000,2.0,6,50,543,537,237,231,774,723,757,0.017545700073242188,0.811516523361206
BA,1000,2.0,6,100,543,537,237,231,774,723,755,0.017545700073242188,1.3599534034729004
BA,1000,2.0,6,200,543,537,237,231,774,723,754,0.017545700073242188,2.3523201942443848
BA,1000,2.0,7,20,543,537,234,228,771,723,759,0.017045021057128906,0.2404012680053711
BA,1000,2.0,7,50,543,537,234,228,771,723,759,0.017045021057128906,0.5883297920227051
BA,1000,2.0,7,100,543,537,234,228,771,723,761,0.017045021057128906,1.2027547359466553
BA,1000,2.0,7,200,543,537,234,228,771,723,757,0.017045021057128906,2.338533639907837
BA,1000,2.0,8,20,543,537,235,229,772,723,761,0.018035888671875,0.2470414638519287
BA,1000,2.0,8,50,543,537,235,229,772,723,758,0.018035888671875,0.6174733638763428
BA,1000,2.0,8,100,543,537,235,229,772,723,756,0.018035888671875,1.2083587646484375
BA,1000,2.0,8,200,543,537,235,229,772,723,755,0.018035888671875,2.427541971206665
BA,1000,2.0,9,20,543,537,234,228,771,723,758,0.017153024673461914,0.2435319423675537
BA,1000,2.0,9,50,543,537,234,228,771,723,756,0.017153024673461914,0.6151087284088135
BA,1000,2.0,9,100,543,537,234,228,771,723,756,0.017153024673461914,1.2041547298431396
BA,1000,2.0,9,200,543,537,234,228,771,723,758,0.017153024673461914,2.41365909576416
ER,1000,3.0,0,20,336,325,215,204,540,471,531,0.09079432487487793,0.30190610885620117
ER,1000,3.0,0,50,336,325,215,204,540,471,528,0.09079432487487793,0.6287806034088135
ER,1000,3.0,0,100,336,325,215,204,540,471,524,0.09079432487487793,1.2571601867675781
ER,1000,3.0,0,200,336,325,215,204,540,471,519,0.09079432487487793,2.5106353759765625
ER,1000,3.0,1,20,336,325,219,208,544,471,532,0.019760608673095703,0.25339174270629883
ER,1000,3.0,1,50,336,325,219,208,544,471,523,0.019760608673095703,0.6342895030975342
ER,1000,3.0,1,100,336,325,219,208,544,471,524,0.019760608673095703,1.269357681274414
ER,1000,3.0,1,200,336,325,219,208,544,471,520,0.019760608673095703,2.5402724742889404
ER,1000,3.0,2,20,336,325,224,213,549,471,527,0.020296335220336914,0.25304603576660156
ER,1000,3.0,2,50,336,325,224,213,549,471,526,0.020296335220336914,0.6306684017181396
ER,1000,3.0,2,100,336,325,224,213,549,471,525,0.020296335220336914,1.249314785003662
ER,1000,3.0,2,200,336,325,224,213,549,471,525,0.020296335220336914,2.5058672428131104
ER,1000,3.0,3,20,336,325,219,208,544,471,529,0.0954291820526123,0.2947409152984619
ER,1000,3.0,3,50,336,325,219,208,544,471,527,0.0954291820526123,0.6280107498168945
ER,1000,3.0,3,100,336,325,219,208,544,471,524,0.0954291820526123,1.2769923210144043
ER,1000,3.0,3,200,336,325,219,208,544,471,523,0.0954291820526123,2.5228686332702637
ER,1000,3.0,4,20,336,325,222,211,547,471,526,0.019562482833862305,0.2538769245147705
ER,1000,3.0,4,50,336,325,222,211,547,471,526,0.019562482833862305,0.6357545852661133
ER,1000,3.0,4,100,336,325,222,211,547,471,526,0.019562482833862305,1.4737393856048584
ER,1000,3.0,4,200,336,325,222,211,547,471,522,0.019562482833862305,2.554532051086426
ER,1000,3.0,5,20,336,325,210,199,535,471,529,0.018522024154663086,0.26317310333251953
ER,1000,3.0,5,50,336,325,210,199,535,471,525,0.018522024154663086,0.6388664245605469
ER,1000,3.0,5,100,336,325,210,199,535,471,522,0.018522024154663086,1.270355463027954
ER,1000,3.0,5,200,336,325,210,199,535,471,522,0.018522024154663086,2.5315284729003906
ER,1000,3.0,6,20,336,325,220,209,545,471,529,0.020146608352661133,0.25583553314208984
ER,1000,3.0,6,50,336,325,220,209,545,471,526,0.020146608352661133,0.6331894397735596
ER,1000,3.0,6,100,336,325,220,209,545,471,525,0.020146608352661133,1.3991668224334717
ER,1000,3.0,6,200,336,325,220,209,545,471,523,0.020146608352661133,2.6269824504852295
ER,1000,3.0,7,20,336,325,218,207,543,471,530,0.01950812339782715,0.249314546585083
ER,1000,3.0,7,50,336,325,218,207,543,471,521,0.01950812339782715,0.6336557865142822
ER,1000,3.0,7,100,336,325,218,207,543,471,522,0.01950812339782715,1.2541747093200684
ER,1000,3.0,7,200,336,325,218,207,543,471,519,0.01950812339782715,2.511329174041748
ER,1000,3.0,8,20,336,325,221,210,546,471,528,0.019440650939941406,0.2501070499420166
ER,1000,3.0,8,50,336,325,221,210,546,471,523,0.019440650939941406,0.629948616027832
ER,1000,3.0,8,100,336,325,221,210,546,471,525,0.019440650939941406,1.2836532592773438
ER,1000,3.0,8,200,336,325,221,210,546,471,522,0.019440650939941406,2.525592088699341
ER,1000,3.0,9,20,336,325,216,205,541,471,529,0.01972818374633789,0.25164341926574707
ER,1000,3.0,9,50,336,325,216,205,541,471,525,0.01972818374633789,0.6295943260192871
ER,1000,3.0,9,100,336,325,216,205,541,471,525,0.01972818374633789,1.2556407451629639
ER,1000,3.0,9,200,336,325,216,205,541,471,522,0.01972818374633789,2.5318920612335205
BA,1000,3.0,0,20,426,428,223,225,651,579,633,0.09199070930480957,0.29045605659484863
BA,1000,3.0,0,50,426,428,223,225,651,579,628,0.09199070930480957,0.7079887390136719
BA,1000,3.0,0,100,426,428,223,225,651,579,633,0.09199070930480957,1.4079184532165527
BA,1000,3.0,0,200,426,428,223,225,651,579,628,0.09199070930480957,2.8021395206451416
BA,1000,3.0,1,20,426,428,220,222,648,579,631,0.018846988677978516,0.27809906005859375
BA,1000,3.0,1,50,426,428,220,222,648,579,633,0.018846988677978516,0.7291271686553955
BA,1000,3.0,1,100,426,428,220,222,648,579,630,0.018846988677978516,1.452157974243164
BA,1000,3.0,1,200,426,428,220,222,648,579,631,0.018846988677978516,2.840453624725342
BA,1000,3.0,2,20,426,428,218,220,646,579,629,0.019324779510498047,0.29054760932922363
BA,1000,3.0,2,50,426,428,218,220,646,579,632,0.019324779510498047,0.701801061630249
BA,1000,3.0,2,100,426,428,218,220,646,579,625,0.019324779510498047,1.4085283279418945
BA,1000,3.0,2,200,426,428,218,220,646,579,628,0.019324779510498047,2.8143389225006104
BA,1000,3.0,3,20,426,428,215,217,643,579,634,0.019336938858032227,0.2773621082305908
BA,1000,3.0,3,50,426,428,215,217,643,579,631,0.019336938858032227,0.6949400901794434
BA,1000,3.0,3,100,426,428,215,217,643,579,629,0.019336938858032227,1.3878395557403564
BA,1000,3.0,3,200,426,428,215,217,643,579,627,0.019336938858032227,2.7957394123077393
BA,1000,3.0,4,20,426,428,212,214,640,579,634,0.019240140914916992,0.27280402183532715
BA,1000,3.0,4,50,426,428,212,214,640,579,633,0.019240140914916992,0.7050034999847412
BA,1000,3.0,4,100,426,428,212,214,640,579,629,0.019240140914916992,1.4094958305358887
BA,1000,3.0,4,200,426,428,212,214,640,579,628,0.019240140914916992,2.836406707763672
BA,1000,3.0,5,20,426,428,218,220,646,579,635,0.01902294158935547,0.28162455558776855
BA,1000,3.0,5,50,426,428,218,220,646,579,632,0.01902294158935547,0.7086749076843262
BA,1000,3.0,5,100,426,428,218,220,646,579,630,0.01902294158935547,1.3920543193817139
BA,1000,3.0,5,200,426,428,218,220,646,579,624,0.01902294158935547,3.013956069946289
BA,1000,3.0,6,20,426,428,214,216,642,579,635,0.018482446670532227,0.27680015563964844
BA,1000,3.0,6,50,426,428,214,216,642,579,633,0.018482446670532227,0.8162636756896973
BA,1000,3.0,6,100,426,428,214,216,642,579,632,0.018482446670532227,1.4008512496948242
BA,1000,3.0,6,200,426,428,214,216,642,579,628,0.018482446670532227,2.873241662979126
BA,1000,3.0,7,20,426,428,215,217,643,579,625,0.01838397979736328,0.28537726402282715
BA,1000,3.0,7,50,426,428,215,217,643,579,628,0.01838397979736328,0.7207820415496826
BA,1000,3.0,7,100,426,428,215,217,643,579,629,0.01838397979736328,1.4320068359375
BA,1000,3.0,7,200,426,428,215,217,643,579,625,0.01838397979736328,2.9303483963012695
BA,1000,3.0,8,20,426,428,226,228,654,579,636,0.021731138229370117,0.28830718994140625
BA,1000,3.0,8,50,426,428,226,228,654,579,631,0.021731138229370117,0.7292783260345459
BA,1000,3.0,8,100,426,428,226,228,654,579,626,0.021731138229370117,1.4459915161132812
BA,1000,3.0,8,200,426,428,226,228,654,579,627,0.021731138229370117,2.8671693801879883
BA,1000,3.0,9,20,426,428,220,222,648,579,628,0.019664287567138672,0.28502631187438965
BA,1000,3.0,9,50,426,428,220,222,648,579,630,0.019664287567138672,0.7102880477905273
BA,1000,3.0,9,100,426,428,220,222,648,579,628,0.019664287567138672,1.4243512153625488
BA,1000,3.0,9,200,426,428,220,222,648,579,626,0.019664287567138672,2.866708278656006
ER,1000,4.0,0,20,198,216,164,182,380,326,367,0.01707172393798828,0.30931758880615234
ER,1000,4.0,0,50,198,216,164,182,380,326,358,0.01707172393798828,0.774914026260376
ER,1000,4.0,0,100,198,216,164,182,380,326,362,0.01707172393798828,1.5284702777862549
ER,1000,4.0,0,200,198,216,164,182,380,326,360,0.01707172393798828,3.085998296737671
ER,1000,4.0,1,20,198,216,156,174,372,326,362,0.016684293746948242,0.30282020568847656
ER,1000,4.0,1,50,198,216,156,174,372,326,361,0.016684293746948242,0.766899585723877
ER,1000,4.0,1,100,198,216,156,174,372,326,362,0.016684293746948242,1.5444614887237549
ER,1000,4.0,1,200,198,216,156,174,372,326,358,0.016684293746948242,3.117967128753662
ER,1000,4.0,2,20,198,216,153,171,369,326,363,0.017766714096069336,0.3082559108734131
ER,1000,4.0,2,50,198,216,153,171,369,326,364,0.017766714096069336,0.7781534194946289
ER,1000,4.0,2,100,198,216,153,171,369,326,363,0.017766714096069336,1.5575542449951172
ER,1000,4.0,2,200,198,216,153,171,369,326,361,0.017766714096069336,3.0717267990112305
ER,1000,4.0,3,20,198,216,160,178,376,326,369,0.017021656036376953,0.3123772144317627
ER,1000,4.0,3,50,198,216,160,178,376,326,360,0.017021656036376953,0.7729754447937012
ER,1000,4.0,3,100,198,216,160,178,376,326,359,0.017021656036376953,1.5767982006072998
ER,1000,4.0,3,200,198,216,160,178,376,326,359,0.017021656036376953,3.089747667312622
ER,1000,4.0,4,20,198,216,156,174,372,326,365,0.0173797607421875,0.3101623058319092
ER,1000,4.0,4,50,198,216,156,174,372,326,362,0.0173797607421875,0.7905378341674805
ER,1000,4.0,4,100,198,216,156,174,372,326,362,0.0173797607421875,1.5389070510864258
ER,1000,4.0,4,200,198,216,156,174,372,326,359,0.0173797607421875,3.112544298171997
ER,1000,4.0,5,20,198,216,162,180,378,326,365,0.01753520965576172,0.3143737316131592
ER,1000,4.0,5,50,198,216,162,180,378,326,363,0.01753520965576172,0.7663249969482422
ER,1000,4.0,5,100,198,216,162,180,378,326,359,0.01753520965576172,1.5261671543121338
ER,1000,4.0,5,200,198,216,162,180,378,326,361,0.01753520965576172,3.104537010192871
ER,1000,4.0,6,20,198,216,158,176,374,326,365,0.01672196388244629,0.30947041511535645
ER,1000,4.0,6,50,198,216,158,176,374,326,361,0.01672196388244629,0.7730276584625244
ER,1000,4.0,6,100,198,216,158,176,374,326,357,0.01672196388244629,1.5242748260498047
ER,1000,4.0,6,200,198,216,158,176,374,326,358,0.01672196388244629,3.061549186706543
ER,1000,4.0,7,20,198,216,161,179,377,326,365,0.017574310302734375,0.3108389377593994
ER,1000,4.0,7,50,198,216,161,179,377,326,363,0.017574310302734375,0.7832660675048828
ER,1000,4.0,7,100,198,216,161,179,377,326,360,0.017574310302734375,1.5331408977508545
ER,1000,4.0,7,200,198,216,161,179,377,326,358,0.017574310302734375,3.1076927185058594
ER,1000,4.0,8,20,198,216,159,177,375,326,364,0.01753973960876465,0.306471586227417
ER,1000,4.0,8,50,198,216,159,177,375,326,361,0.01753973960876465,0.7713708877563477
ER,1000,4.0,8,100,198,216,159,177,375,326,361,0.01753973960876465,1.5262141227722168
ER,1000,4.0,8,200,198,216,159,177,375,326,360,0.01753973960876465,3.098848581314087
ER,1000,4.0,9,20,198,216,167,185,383,326,364,0.018474102020263672,0.3080625534057617
ER,1000,4.0,9,50,198,216,167,185,383,326,362,0.018474102020263672,0.7755522727966309
ER,1000,4.0,9,100,198,216,167,185,383,326,360,0.018474102020263672,1.5160083770751953
ER,1000,4.0,9,200,198,216,167,185,383,326,360,0.018474102020263672,3.071788787841797
BA,1000,4.0,0,20,342,353,205,216,558,477,547,0.022611618041992188,0.3016242980957031
BA,1000,4.0,0,50,342,353,205,216,558,477,543,0.022611618041992188,0.7460424900054932
BA,1000,4.0,0,100,342,353,205,216,558,477,541,0.022611618041992188,1.4970426559448242
BA,1000,4.0,0,200,342,353,205,216,558,477,536,0.022611618041992188,2.9886438846588135
BA,1000,4.0,1,20,342,353,194,205,547,477,541,0.02020263671875,0.2976076602935791
BA,1000,4.0,1,50,342,353,194,205,547,477,538,0.02020263671875,0.7453203201293945
BA,1000,4.0,1,100,342,353,194,205,547,477,541,0.02020263671875,1.5051538944244385
BA,1000,4.0,1,200,342,353,194,205,547,477,536,0.02020263671875,2.969291925430298
BA,1000,4.0,2,20,342,353,208,219,561,477,543,0.024321794509887695,0.30177998542785645
BA,1000,4.0,2,50,342,353,208,219,561,477,544,0.024321794509887695,0.7455790042877197
BA,1000,4.0,2,100,342,353,208,219,561,477,538,0.024321794509887695,1.4869680404663086
BA,1000,4.0,2,200,342,353,208,219,561,477,538,0.024321794509887695,3.024195432662964
BA,1000,4.0,3,20,342,353,208,219,561,477,544,0.022565364837646484,0.3009064197540283
BA,1000,4.0,3,50,342,353,208,219,561,477,540,0.022565364837646484,0.7590351104736328
BA,1000,4.0,3,100,342,353,208,219,561,477,541,0.022565364837646484,1.5776066780090332
BA,1000,4.0,3,200,342,353,208,219,561,477,541,0.022565364837646484,2.968782424926758
BA,1000,4.0,4,20,342,353,204,215,557,477,541,0.021923065185546875,0.300337553024292
BA,1000,4.0,4,50,342,353,204,215,557,477,537,0.021923065185546875,0.7370965480804443
BA,1000,4.0,4,100,342,353,204,215,557,477,541,0.021923065185546875,1.4943675994873047
BA,1000,4.0,4,200,342,353,204,215,557,477,539,0.021923065185546875,2.9799437522888184
BA,1000,4.0,5,20,342,353,204,215,557,477,546,0.021663427352905273,0.29207897186279297
BA,1000,4.0,5,50,342,353,204,215,557,477,542,0.021663427352905273,0.7390289306640625
BA,1000,4.0,5,100,342,353,204,215,557,477,539,0.021663427352905273,1.5210824012756348
BA,1000,4.0,5,200,342,353,204,215,557,477,538,0.021663427352905273,3.006702184677124
BA,1000,4.0,6,20,342,353,210,221,563,477,543,0.0211641788482666,0.30211782455444336
BA,1000,4.0,6,50,342,353,210,221,563,477,542,0.0211641788482666,0.770176887512207
BA,1000,4.0,6,100,342,353,210,221,563,477,542,0.0211641788482666,1.4939236640930176
BA,1000,4.0,6,200,342,353,210,221,563,477,537,0.0211641788482666,2.9747490882873535
BA,1000,4.0,7,20,342,353,214,225,567,477,542,0.021923065185546875,0.30532217025756836
BA,1000,4.0,7,50,342,353,214,225,567,477,541,0.021923065185546875,0.7515830993652344
BA,1000,4.0,7,100,342,353,214,225,567,477,544,0.021923065185546875,1.5046002864837646
BA,1000,4.0,7,200,342,353,214,225,567,477,536,0.021923065185546875,3.032280683517456
BA,1000,4.0,8,20,342,353,202,213,555,477,544,0.02229928970336914,0.29720306396484375
BA,1000,4.0,8,50,342,353,202,213,555,477,540,0.02229928970336914,0.7420718669891357
BA,1000,4.0,8,100,342,353,202,213,555,477,541,0.02229928970336914,1.4876513481140137
BA,1000,4.0,8,200,342,353,202,213,555,477,538,0.02229928970336914,2.985461950302124
BA,1000,4.0,9,20,342,353,192,203,545,477,540,0.019503355026245117,0.2939565181732178
BA,1000,4.0,9,50,342,353,192,203,545,477,543,0.019503355026245117,0.7498369216918945
BA,1000,4.0,9,100,342,353,192,203,545,477,538,0.019503355026245117,1.4840116500854492
BA,1000,4.0,9,200,342,353,192,203,545,477,536,0.019503355026245117,2.9295191764831543
ER,1000,5.0,0,20,146,135,128,117,263,232,258,0.019373416900634766,0.37854552268981934
ER,1000,5.0,0,50,146,135,128,117,263,232,256,0.019373416900634766,0.9364452362060547
ER,1000,5.0,0,100,146,135,128,117,263,232,256,0.019373416900634766,1.8841753005981445
ER,1000,5.0,0,200,146,135,128,117,263,232,254,0.019373416900634766,3.7985999584198
ER,1000,5.0,1,20,146,135,129,118,264,232,257,0.015057086944580078,0.37851834297180176
ER,1000,5.0,1,50,146,135,129,118,264,232,257,0.015057086944580078,0.9386701583862305
ER,1000,5.0,1,100,146,135,129,118,264,232,255,0.015057086944580078,1.8814997673034668
ER,1000,5.0,1,200,146,135,129,118,264,232,255,0.015057086944580078,3.7736880779266357
ER,1000,5.0,2,20,146,135,131,120,266,232,258,0.017557859420776367,0.38613128662109375
ER,1000,5.0,2,50,146,135,131,120,266,232,257,0.017557859420776367,0.95159912109375
ER,1000,5.0,2,100,146,135,131,120,266,232,256,0.017557859420776367,1.8960378170013428
ER,1000,5.0,2,200,146,135,131,120,266,232,255,0.017557859420776367,3.804342031478882
ER,1000,5.0,3,20,146,135,136,125,271,232,255,0.018867015838623047,0.3845212459564209
ER,1000,5.0,3,50,146,135,136,125,271,232,259,0.018867015838623047,0.9776730537414551
ER,1000,5.0,3,100,146,135,136,125,271,232,257,0.018867015838623047,1.9248754978179932
ER,1000,5.0,3,200,146,135,136,125,271,232,255,0.018867015838623047,3.7612125873565674
ER,1000,5.0,4,20,146,135,128,117,263,232,257,0.017388105392456055,0.39156532287597656
ER,1000,5.0,4,50,146,135,128,117,263,232,257,0.017388105392456055,0.9486868381500244
ER,1000,5.0,4,100,146,135,128,117,263,232,255,0.017388105392456055,1.9571812152862549
ER,1000,5.0,4,200,146,135,128,117,263,232,255,0.017388105392456055,3.8554763793945312
ER,1000,5.0,5,20,146,135,128,117,263,232,257,0.016262292861938477,0.3832437992095947
ER,1000,5.0,5,50,146,135,128,117,263,232,258,0.016262292861938477,0.9526259899139404
ER,1000,5.0,5,100,146,135,128,117,263,232,255,0.016262292861938477,1.9257233142852783
ER,1000,5.0,5,200,146,135,128,117,263,232,253,0.016262292861938477,3.7735116481781006
ER,1000,5.0,6,20,146,135,129,118,264,232,257,0.016534090042114258,0.3785276412963867
ER,1000,5.0,6,50,146,135,129,118,264,232,257,0.016534090042114258,0.9688289165496826
ER,1000,5.0,6,100,146,135,129,118,264,232,256,0.016534090042114258,1.919135332107544
ER,1000,5.0,6,200,146,135,129,118,264,232,257,0.016534090042114258,3.8262147903442383
ER,1000,5.0,7,20,146,135,131,120,266,232,256,0.0193021297454834,0.4035475254058838
ER,1000,5.0,7,50,146,135,131,120,266,232,257,0.0193021297454834,0.9591798782348633
ER,1000,5.0,7,100,146,135,131,120,266,232,256,0.0193021297454834,1.9933137893676758
ER,1000,5.0,7,200,146,135,131,120,266,232,254,0.0193021297454834,3.824528455734253
ER,1000,5.0,8,20,146,135,129,118,264,232,260,0.01891183853149414,0.38092827796936035
ER,1000,5.0,8,50,146,135,129,118,264,232,257,0.01891183853149414,0.957547664642334
ER,1000,5.0,8,100,146,135,129,118,264,232,252,0.01891183853149414,1.8954014778137207
ER,1000,5.0,8,200,146,135,129,118,264,232,254,0.01891183853149414,3.8142242431640625
ER,1000,5.0,9,20,146,135,126,115,261,232,257,0.018325328826904297,0.3822195529937744
ER,1000,5.0,9,50,146,135,126,115,261,232,257,0.018325328826904297,0.943917989730835
ER,1000,5.0,9,100,146,135,126,115,261,232,256,0.018325328826904297,1.8989603519439697
ER,1000,5.0,9,200,146,135,126,115,261,232,254,0.018325328826904297,3.8058857917785645
BA,1000,5.0,0,20,249,256,174,181,430,361,418,0.02244257926940918,0.3590879440307617
BA,1000,5.0,0,50,249,256,174,181,430,361,418,0.02244257926940918,0.8839094638824463
BA,1000,5.0,0,100,249,256,174,181,430,361,416,0.02244257926940918,1.8068203926086426
BA,1000,5.0,0,200,249,256,174,181,430,361,415,0.02244257926940918,3.5333590507507324
BA,1000,5.0,1,20,249,256,178,185,434,361,415,0.023022174835205078,0.46379923820495605
BA,1000,5.0,1,50,249,256,178,185,434,361,421,0.023022174835205078,0.8677482604980469
BA,1000,5.0,1,100,249,256,178,185,434,361,418,0.023022174835205078,1.7899277210235596
BA,1000,5.0,1,200,249,256,178,185,434,361,413,0.023022174835205078,3.550745725631714
BA,1000,5.0,2,20,249,256,173,180,429,361,417,0.022255897521972656,0.36049985885620117
BA,1000,5.0,2,50,249,256,173,180,429,361,415,0.022255897521972656,0.897841215133667
BA,1000,5.0,2,100,249,256,173,180,429,361,418,0.022255897521972656,1.7859134674072266
BA,1000,5.0,2,200,249,256,173,180,429,361,414,0.022255897521972656,3.598170280456543
BA,1000,5.0,3,20,249,256,176,183,432,361,417,0.023148059844970703,0.3676736354827881
BA,1000,5.0,3,50,249,256,176,183,432,361,420,0.023148059844970703,0.9326872825622559
BA,1000,5.0,3,100,249,256,176,183,432,361,418,0.023148059844970703,1.8355207443237305
BA,1000,5.0,3,200,249,256,176,183,432,361,414,0.023148059844970703,3.575234889984131
BA,1000,5.0,4,20,249,256,170,177,426,361,421,0.02125072479248047,0.36661767959594727
BA,1000,5.0,4,50,249,256,170,177,426,361,418,0.02125072479248047,0.9184122085571289
BA,1000,5.0,4,100,249,256,170,177,426,361,419,0.02125072479248047,1.8151593208312988
BA,1000,5.0,4,200,249,256,170,177,426,361,417,0.02125072479248047,3.6402013301849365
BA,1000,5.0,5,20,249,256,185,192,441,361,419,0.02507328987121582,0.3507668972015381
BA,1000,5.0,5,50,249,256,185,192,441,361,417,0.02507328987121582,0.8895363807678223
BA,1000,5.0,5,100,249,256,185,192,441,361,417,0.02507328987121582,1.7725868225097656
BA,1000,5.0,5,200,249,256,185,192,441,361,415,0.02507328987121582,3.533874034881592
BA,1000,5.0,6,20,249,256,179,186,435,361,420,0.023152828216552734,0.36605000495910645
BA,1000,5.0,6,50,249,256,179,186,435,361,417,0.023152828216552734,0.880702018737793
BA,1000,5.0,6,100,249,256,179,186,435,361,417,0.023152828216552734,1.8110156059265137
BA,1000,5.0,6,200,249,256,179,186,435,361,411,0.023152828216552734,3.5752642154693604
BA,1000,5.0,7,20,249,256,178,185,434,361,419,0.11741304397583008,0.3611764907836914
BA,1000,5.0,7,50,249,256,178,185,434,361,420,0.11741304397583008,0.8761467933654785
BA,1000,5.0,7,100,249,256,178,185,434,361,418,0.11741304397583008,1.7851901054382324
BA,1000,5.0,7,200,249,256,178,185,434,361,413,0.11741304397583008,3.5400309562683105
BA,1000,5.0,8,20,249,256,182,189,438,361,423,0.025203466415405273,0.36228227615356445
BA,1000,5.0,8,50,249,256,182,189,438,361,421,0.025203466415405273,0.8894622325897217
BA,1000,5.0,8,100,249,256,182,189,438,361,413,0.025203466415405273,1.7753794193267822
BA,1000,5.0,8,200,249,256,182,189,438,361,413,0.025203466415405273,3.5532915592193604
BA,1000,5.0,9,20,249,256,177,184,433,361,420,0.02160024642944336,0.3564767837524414
BA,1000,5.0,9,50,249,256,177,184,433,361,421,0.02160024642944336,0.8995368480682373
BA,1000,5.0,9,100,249,256,177,184,433,361,417,0.02160024642944336,1.774564504623413
BA,1000,5.0,9,200,249,256,177,184,433,361,416,0.02160024642944336,3.5562806129455566
ER,1000,6.0,0,20,83,73,74,64,147,137,143,0.05204153060913086,0.5793190002441406
ER,1000,6.0,0,50,83,73,74,64,147,137,143,0.05204153060913086,1.5055277347564697
ER,1000,6.0,0,100,83,73,74,64,147,137,143,0.05204153060913086,2.8712799549102783
ER,1000,6.0,0,200,83,73,74,64,147,137,142,0.05204153060913086,5.759780645370483
ER,1000,6.0,1,20,83,73,75,65,148,137,144,0.08453559875488281,0.5681469440460205
ER,1000,6.0,1,50,83,73,75,65,148,137,143,0.08453559875488281,1.4477581977844238
ER,1000,6.0,1,100,83,73,75,65,148,137,143,0.08453559875488281,2.867833137512207
ER,1000,6.0,1,200,83,73,75,65,148,137,143,0.08453559875488281,5.618970155715942
ER,1000,6.0,2,20,83,73,74,64,147,137,144,0.08057713508605957,0.5851819515228271
ER,1000,6.0,2,50,83,73,74,64,147,137,144,0.08057713508605957,1.4149904251098633
ER,1000,6.0,2,100,83,73,74,64,147,137,139,0.08057713508605957,2.894132375717163
ER,1000,6.0,2,200,83,73,74,64,147,137,143,0.08057713508605957,5.746721982955933
ER,1000,6.0,3,20,83,73,73,63,146,137,144,0.043305158615112305,0.5685138702392578
ER,1000,6.0,3,50,83,73,73,63,146,137,142,0.043305158615112305,1.4096465110778809
ER,1000,6.0,3,100,83,73,73,63,146,137,142,0.043305158615112305,2.83363676071167
ER,1000,6.0,3,200,83,73,73,63,146,137,141,0.043305158615112305,5.664307594299316
ER,1000,6.0,4,20,83,73,75,65,148,137,145,0.07625937461853027,0.5769345760345459
ER,1000,6.0,4,50,83,73,75,65,148,137,143,0.07625937461853027,1.4289593696594238
ER,1000,6.0,4,100,83,73,75,65,148,137,143,0.07625937461853027,2.8419644832611084
ER,1000,6.0,4,200,83,73,75,65,148,137,143,0.07625937461853027,5.7008092403411865
ER,1000,6.0,5,20,83,73,75,65,148,137,144,0.10172009468078613,0.5733628273010254
ER,1000,6.0,5,50,83,73,75,65,148,137,144,0.10172009468078613,1.4252941608428955
ER,1000,6.0,5,100,83,73,75,65,148,137,143,0.10172009468078613,2.864757537841797
ER,1000,6.0,5,200,83,73,75,65,148,137,143,0.10172009468078613,5.69340968132019
ER,1000,6.0,6,20,83,73,75,65,148,137,144,0.052706003189086914,0.5611402988433838
ER,1000,6.0,6,50,83,73,75,65,148,137,144,0.052706003189086914,1.4037554264068604
ER,1000,6.0,6,100,83,73,75,65,148,137,144,0.052706003189086914,2.8750922679901123
ER,1000,6.0,6,200,83,73,75,65,148,137,143,0.052706003189086914,5.75677752494812
ER,1000,6.0,7,20,83,73,76,66,149,137,145,0.07345938682556152,0.5510168075561523
ER,1000,6.0,7,50,83,73,76,66,149,137,144,0.07345938682556152,1.4131717681884766
ER,1000,6.0,7,100,83,73,76,66,149,137,142,0.07345938682556152,2.824012279510498
ER,1000,6.0,7,200,83,73,76,66,149,137,142,0.07345938682556152,5.658205032348633
ER,1000,6.0,8,20,83,73,75,65,148,137,144,0.11831808090209961,0.5881669521331787
ER,1000,6.0,8,50,83,73,75,65,148,137,144,0.11831808090209961,1.433424472808838
ER,1000,6.0,8,100,83,73,75,65,148,137,142,0.11831808090209961,2.856276273727417
ER,1000,6.0,8,200,83,73,75,65,148,137,142,0.11831808090209961,5.710996866226196
ER,1000,6.0,9,20,83,73,75,65,148,137,144,0.06738567352294922,0.5843522548675537
ER,1000,6.0,9,50,83,73,75,65,148,137,144,0.06738567352294922,1.4243550300598145
ER,1000,6.0,9,100,83,73,75,65,148,137,140,0.06738567352294922,2.8768739700317383
ER,1000,6.0,9,200,83,73,75,65,148,137,143,0.06738567352294922,6.015560626983643
BA,1000,6.0,0,20,195,198,146,149,344,277,329,0.07485413551330566,0.44109368324279785
BA,1000,6.0,0,50,195,198,146,149,344,277,331,0.07485413551330566,1.0878076553344727
BA,1000,6.0,0,100,195,198,146,149,344,277,328,0.07485413551330566,2.2056195735931396
BA,1000,6.0,0,200,195,198,146,149,344,277,327,0.07485413551330566,4.387040853500366
BA,1000,6.0,1,20,195,198,140,143,338,277,333,0.025916099548339844,0.43270230293273926
BA,1000,6.0,1,50,195,198,140,143,338,277,329,0.025916099548339844,1.0743415355682373
BA,1000,6.0,1,100,195,198,140,143,338,277,326,0.025916099548339844,2.1229031085968018
BA,1000,6.0,1,200,195,198,140,143,338,277,326,0.025916099548339844,4.29601526260376
BA,1000,6.0,2,20,195,198,140,143,338,277,328,0.026215791702270508,0.4406430721282959
BA,1000,6.0,2,50,195,198,140,143,338,277,331,0.026215791702270508,1.0911140441894531
BA,1000,6.0,2,100,195,198,140,143,338,277,330,0.026215791702270508,2.185755729675293
BA,1000,6.0,2,200,195,198,140,143,338,277,327,0.026215791702270508,4.35856294631958
BA,1000,6.0,3,20,195,198,150,153,348,277,329,0.03220224380493164,0.4322187900543213
BA,1000,6.0,3,50,195,198,150,153,348,277,328,0.03220224380493164,1.0776948928833008
BA,1000,6.0,3,100,195,198,150,153,348,277,328,0.03220224380493164,2.1600069999694824
BA,1000,6.0,3,200,195,198,150,153,348,277,327,0.03220224380493164,4.260952711105347
BA,1000,6.0,4,20,195,198,143,146,341,277,329,0.02282238006591797,0.4329872131347656
BA,1000,6.0,4,50,195,198,143,146,341,277,332,0.02282238006591797,1.0685334205627441
BA,1000,6.0,4,100,195,198,143,146,341,277,326,0.02282238006591797,2.0965230464935303
BA,1000,6.0,4,200,195,198,143,146,341,277,325,0.02282238006591797,4.264889717102051
BA,1000,6.0,5,20,195,198,150,153,348,277,333,0.0285184383392334,0.43382883071899414
BA,1000,6.0,5,50,195,198,150,153,348,277,330,0.0285184383392334,1.05271577835083
BA,1000,6.0,5,100,195,198,150,153,348,277,327,0.0285184383392334,2.1225240230560303
BA,1000,6.0,5,200,195,198,150,153,348,277,326,0.0285184383392334,4.372750759124756
BA,1000,6.0,6,20,195,198,147,150,345,277,332,0.027182340621948242,0.4283456802368164
BA,1000,6.0,6,50,195,198,147,150,345,277,327,0.027182340621948242,1.0907273292541504
BA,1000,6.0,6,100,195,198,147,150,345,277,329,0.027182340621948242,2.1765222549438477
BA,1000,6.0,6,200,195,198,147,150,345,277,327,0.027182340621948242,4.291095733642578
BA,1000,6.0,7,20,195,198,140,143,338,277,330,0.02813577651977539,0.43486523628234863
BA,1000,6.0,7,50,195,198,140,143,338,277,327,0.02813577651977539,1.0725629329681396
BA,1000,6.0,7,100,195,198,140,143,338,277,328,0.02813577651977539,2.1497256755828857
BA,1000,6.0,7,200,195,198,140,143,338,277,326,0.02813577651977539,4.2918267250061035
BA,1000,6.0,8,20,195,198,150,153,348,277,334,0.025923967361450195,0.42800211906433105
BA,1000,6.0,8,50,195,198,150,153,348,277,329,0.025923967361450195,1.0866360664367676
BA,1000,6.0,8,100,195,198,150,153,348,277,328,0.025923967361450195,2.163407325744629
BA,1000,6.0,8,200,195,198,150,153,348,277,326,0.025923967361450195,4.3402581214904785
BA,1000,6.0,9,20,195,198,142,145,340,277,331,0.02750110626220703,0.4596381187438965
BA,1000,6.0,9,50,195,198,142,145,340,277,330,0.02750110626220703,1.0968384742736816
BA,1000,6.0,9,100,195,198,142,145,340,277,328,0.02750110626220703,2.143488645553589
BA,1000,6.0,9,200,195,198,142,145,340,277,325,0.02750110626220703,4.266292095184326
ER,1000,7.0,0,20,42,42,42,42,84,61,80,0.04446220397949219,0.6162173748016357
ER,1000,7.0,0,50,42,42,42,42,84,61,79,0.04446220397949219,1.5235567092895508
ER,1000,7.0,0,100,42,42,42,42,84,61,79,0.04446220397949219,3.071683645248413
ER,1000,7.0,0,200,42,42,42,42,84,61,78,0.04446220397949219,6.125374794006348
ER,1000,7.0,1,20,42,42,41,41,83,61,80,0.03392171859741211,0.605478048324585
ER,1000,7.0,1,50,42,42,41,41,83,61,80,0.03392171859741211,1.4935579299926758
ER,1000,7.0,1,100,42,42,41,41,83,61,80,0.03392171859741211,3.0776009559631348
ER,1000,7.0,1,200,42,42,41,41,83,61,79,0.03392171859741211,6.142488241195679
ER,1000,7.0,2,20,42,42,41,41,83,61,80,0.03594160079956055,0.628371000289917
ER,1000,7.0,2,50,42,42,41,41,83,61,80,0.03594160079956055,1.5384368896484375
ER,1000,7.0,2,100,42,42,41,41,83,61,79,0.03594160079956055,3.25866436958313
ER,1000,7.0,2,200,42,42,41,41,83,61,79,0.03594160079956055,6.272605657577515
ER,1000,7.0,3,20,42,42,41,41,83,61,80,0.03833603858947754,0.6225452423095703
ER,1000,7.0,3,50,42,42,41,41,83,61,79,0.03833603858947754,1.5401592254638672
ER,1000,7.0,3,100,42,42,41,41,83,61,78,0.03833603858947754,3.0739994049072266
ER,1000,7.0,3,200,42,42,41,41,83,61,79,0.03833603858947754,6.0754005908966064
ER,1000,7.0,4,20,42,42,41,41,83,61,77,0.03690361976623535,0.6062440872192383
ER,1000,7.0,4,50,42,42,41,41,83,61,80,0.03690361976623535,1.5366599559783936
ER,1000,7.0,4,100,42,42,41,41,83,61,79,0.03690361976623535,3.052140712738037
ER,1000,7.0,4,200,42,42,41,41,83,61,79,0.03690361976623535,6.124767065048218
ER,1000,7.0,5,20,42,42,41,41,83,61,81,0.036173343658447266,0.6241726875305176
ER,1000,7.0,5,50,42,42,41,41,83,61,79,0.036173343658447266,1.5287094116210938
ER,1000,7.0,5,100,42,42,41,41,83,61,80,0.036173343658447266,3.0718889236450195
ER,1000,7.0,5,200,42,42,41,41,83,61,78,0.036173343658447266,6.139000415802002
ER,1000,7.0,6,20,42,42,41,41,83,61,81,0.03498435020446777,0.6256740093231201
ER,1000,7.0,6,50,42,42,41,41,83,61,80,0.03498435020446777,1.5377185344696045
ER,1000,7.0,6,100,42,42,41,41,83,61,79,0.03498435020446777,3.1070022583007812
ER,1000,7.0,6,200,42,42,41,41,83,61,79,0.03498435020446777,6.135998249053955
ER,1000,7.0,7,20,42,42,41,41,83,61,80,0.02828812599182129,0.6216771602630615
ER,1000,7.0,7,50,42,42,41,41,83,61,80,0.02828812599182129,1.5484259128570557
ER,1000,7.0,7,100,42,42,41,41,83,61,80,0.02828812599182129,3.057884693145752
ER,1000,7.0,7,200,42,42,41,41,83,61,79,0.02828812599182129,6.167294025421143
ER,1000,7.0,8,20,42,42,40,40,82,61,80,0.041037797927856445,0.615959644317627
ER,1000,7.0,8,50,42,42,40,40,82,61,79,0.041037797927856445,1.5030722618103027
ER,1000,7.0,8,100,42,42,40,40,82,61,79,0.041037797927856445,3.0839688777923584
ER,1000,7.0,8,200,42,42,40,40,82,61,78,0.041037797927856445,6.068934679031372
ER,1000,7.0,9,20,42,42,40,40,82,61,80,0.03595328330993652,0.615753173828125
ER,1000,7.0,9,50,42,42,40,40,82,61,78,0.03595328330993652,1.4760005474090576
ER,1000,7.0,9,100,42,42,40,40,82,61,80,0.03595328330993652,3.020118236541748
ER,1000,7.0,9,200,42,42,40,40,82,61,78,0.03595328330993652,6.203973054885864
BA,1000,7.0,0,20,156,157,126,127,283,223,274,0.030332565307617188,0.5123615264892578
BA,1000,7.0,0,50,156,157,126,127,283,223,271,0.030332565307617188,1.2726495265960693
BA,1000,7.0,0,100,156,157,126,127,283,223,272,0.030332565307617188,2.5235252380371094
BA,1000,7.0,0,200,156,157,126,127,283,223,268,0.030332565307617188,5.074976205825806
BA,1000,7.0,1,20,156,157,124,125,281,223,272,0.03426861763000488,0.5099928379058838
BA,1000,7.0,1,50,156,157,124,125,281,223,270,0.03426861763000488,1.2592997550964355
BA,1000,7.0,1,100,156,157,124,125,281,223,268,0.03426861763000488,2.505600690841675
BA,1000,7.0,1,200,156,157,124,125,281,223,270,0.03426861763000488,5.001567125320435
BA,1000,7.0,2,20,156,157,126,127,283,223,274,0.03426241874694824,0.49805164337158203
BA,1000,7.0,2,50,156,157,126,127,283,223,272,0.03426241874694824,1.2442986965179443
BA,1000,7.0,2,100,156,157,126,127,283,223,270,0.03426241874694824,2.4645473957061768
BA,1000,7.0,2,200,156,157,126,127,283,223,265,0.03426241874694824,4.952885150909424
BA,1000,7.0,3,20,156,157,124,125,281,223,272,0.032790422439575195,0.49709033966064453
BA,1000,7.0,3,50,156,157,124,125,281,223,270,0.032790422439575195,1.2233538627624512
BA,1000,7.0,3,100,156,157,124,125,281,223,270,0.032790422439575195,2.491790771484375
BA,1000,7.0,3,200,156,157,124,125,281,223,265,0.032790422439575195,4.954893589019775
BA,1000,7.0,4,20,156,157,124,125,281,223,272,0.03505086898803711,0.49588727951049805
BA,1000,7.0,4,50,156,157,124,125,281,223,271,0.03505086898803711,1.2267234325408936
BA,1000,7.0,4,100,156,157,124,125,281,223,271,0.03505086898803711,2.4519011974334717
BA,1000,7.0,4,200,156,157,124,125,281,223,271,0.03505086898803711,4.898484706878662
BA,1000,7.0,5,20,156,157,133,134,290,223,272,0.032457590103149414,0.4843132495880127
BA,1000,7.0,5,50,156,157,133,134,290,223,272,0.032457590103149414,1.2274610996246338
BA,1000,7.0,5,100,156,157,133,134,290,223,268,0.032457590103149414,2.4974257946014404
BA,1000,7.0,5,200,156,157,133,134,290,223,270,0.032457590103149414,5.026025056838989
BA,1000,7.0,6,20,156,157,125,126,282,223,274,0.04422307014465332,0.504704475402832
BA,1000,7.0,6,50,156,157,125,126,282,223,271,0.04422307014465332,1.2664592266082764
BA,1000,7.0,6,100,156,157,125,126,282,223,270,0.04422307014465332,2.4901485443115234
BA,1000,7.0,6,200,156,157,125,126,282,223,269,0.04422307014465332,4.913785457611084
BA,1000,7.0,7,20,156,157,124,125,281,223,274,0.03401494026184082,0.4982588291168213
BA,1000,7.0,7,50,156,157,124,125,281,223,271,0.03401494026184082,1.2329211235046387
BA,1000,7.0,7,100,156,157,124,125,281,223,269,0.03401494026184082,2.4679253101348877
BA,1000,7.0,7,200,156,157,124,125,281,223,270,0.03401494026184082,5.0224621295928955
BA,1000,7.0,8,20,156,157,128,129,285,223,270,0.03607749938964844,0.4977729320526123
BA,1000,7.0,8,50,156,157,128,129,285,223,272,0.03607749938964844,1.2275915145874023
BA,1000,7.0,8,100,156,157,128,129,285,223,267,0.03607749938964844,2.506998300552368
BA,1000,7.0,8,200,156,157,128,129,285,223,266,0.03607749938964844,4.972611904144287
BA,1000,7.0,9,20,156,157,129,130,286,223,273,0.02965569496154785,0.5101182460784912
BA,1000,7.0,9,50,156,157,129,130,286,223,270,0.02965569496154785,1.2456486225128174
BA,1000,7.0,9,100,156,157,129,130,286,223,266,0.02965569496154785,2.4724972248077393
BA,1000,7.0,9,200,156,157,129,130,286,223,267,0.02965569496154785,4.959809064865112
ER,1000,8.0,0,20,22,24,21,23,45,41,44,0.007909536361694336,0.7534091472625732
ER,1000,8.0,0,50,22,24,21,23,45,41,44,0.007909536361694336,4.267900466918945
ER,1000,8.0,0,100,22,24,21,23,45,41,44,0.007909536361694336,8.495230197906494
ER,1000,8.0,0,200,22,24,21,23,45,41,44,0.007909536361694336,17.176252365112305
ER,1000,8.0,1,20,22,24,21,23,45,41,45,0.0079498291015625,0.6957292556762695
ER,1000,8.0,1,50,22,24,21,23,45,41,45,0.0079498291015625,4.211817979812622
ER,1000,8.0,1,100,22,24,21,23,45,41,45,0.0079498291015625,8.41050100326538
ER,1000,8.0,1,200,22,24,21,23,45,41,44,0.0079498291015625,16.82355546951294
ER,1000,8.0,2,20,22,24,21,23,45,41,45,0.007975578308105469,0.7564277648925781
ER,1000,8.0,2,50,22,24,21,23,45,41,44,0.007975578308105469,4.204833984375
ER,1000,8.0,2,100,22,24,21,23,45,41,44,0.007975578308105469,8.444357872009277
ER,1000,8.0,2,200,22,24,21,23,45,41,43,0.007975578308105469,16.95846676826477
ER,1000,8.0,3,20,22,24,22,24,46,41,44,0.008452892303466797,0.7482659816741943
ER,1000,8.0,3,50,22,24,22,24,46,41,44,0.008452892303466797,4.227800607681274
ER,1000,8.0,3,100,22,24,22,24,46,41,44,0.008452892303466797,8.490071058273315
ER,1000,8.0,3,200,22,24,22,24,46,41,44,0.008452892303466797,16.947478532791138
ER,1000,8.0,4,20,22,24,22,24,46,41,45,0.008599519729614258,0.7837033271789551
ER,1000,8.0,4,50,22,24,22,24,46,41,44,0.008599519729614258,4.315975666046143
ER,1000,8.0,4,100,22,24,22,24,46,41,44,0.008599519729614258,8.545154809951782
ER,1000,8.0,4,200,22,24,22,24,46,41,44,0.008599519729614258,17.321749448776245
ER,1000,8.0,5,20,22,24,20,22,44,41,45,0.007523775100708008,0.7646455764770508
ER,1000,8.0,5,50,22,24,20,22,44,41,45,0.007523775100708008,4.261735439300537
ER,1000,8.0,5,100,22,24,20,22,44,41,44,0.007523775100708008,8.467635869979858
ER,1000,8.0,5,200,22,24,20,22,44,41,44,0.007523775100708008,16.917556285858154
ER,1000,8.0,6,20,22,24,21,23,45,41,45,0.00795745849609375,0.8446595668792725
ER,1000,8.0,6,50,22,24,21,23,45,41,44,0.00795745849609375,4.207427978515625
ER,1000,8.0,6,100,22,24,21,23,45,41,44,0.00795745849609375,8.377993106842041
ER,1000,8.0,6,200,22,24,21,23,45,41,44,0.00795745849609375,16.96845006942749
ER,1000,8.0,7,20,22,24,21,23,45,41,45,0.00801539421081543,0.7396857738494873
ER,1000,8.0,7,50,22,24,21,23,45,41,44,0.00801539421081543,4.195860385894775
ER,1000,8.0,7,100,22,24,21,23,45,41,44,0.00801539421081543,8.671882629394531
ER,1000,8.0,7,200,22,24,21,23,45,41,43,0.00801539421081543,16.800363779067993
ER,1000,8.0,8,20,22,24,22,24,46,41,44,0.008498430252075195,0.678337574005127
ER,1000,8.0,8,50,22,24,22,24,46,41,44,0.008498430252075195,4.2625572681427
ER,1000,8.0,8,100,22,24,22,24,46,41,44,0.008498430252075195,8.469002962112427
ER,1000,8.0,8,200,22,24,22,24,46,41,44,0.008498430252075195,16.749715089797974
ER,1000,8.0,9,20,22,24,21,23,45,41,45,0.008118629455566406,0.7392423152923584
ER,1000,8.0,9,50,22,24,21,23,45,41,44,0.008118629455566406,4.201347589492798
ER,1000,8.0,9,100,22,24,21,23,45,41,44,0.008118629455566406,8.459515810012817
ER,1000,8.0,9,200,22,24,21,23,45,41,44,0.008118629455566406,16.7516770362854
BA,1000,8.0,0,20,92,116,72,96,188,154,187,0.030297040939331055,0.6974380016326904
BA,1000,8.0,0,50,92,116,72,96,188,154,186,0.030297040939331055,1.6692240238189697
BA,1000,8.0,0,100,92,116,72,96,188,154,183,0.030297040939331055,3.452786445617676
BA,1000,8.0,0,200,92,116,72,96,188,154,181,0.030297040939331055,6.596498250961304
BA,1000,8.0,1,20,92,116,79,103,195,154,186,0.027708053588867188,0.6681385040283203
BA,1000,8.0,1,50,92,116,79,103,195,154,185,0.027708053588867188,1.6558079719543457
BA,1000,8.0,1,100,92,116,79,103,195,154,185,0.027708053588867188,3.320474863052368
BA,1000,8.0,1,200,92,116,79,103,195,154,182,0.027708053588867188,6.632710218429565
BA,1000,8.0,2,20,92,116,77,101,193,154,188,0.02710270881652832,0.6662654876708984
BA,1000,8.0,2,50,92,116,77,101,193,154,185,0.02710270881652832,1.674875020980835
BA,1000,8.0,2,100,92,116,77,101,193,154,184,0.02710270881652832,3.315392255783081
BA,1000,8.0,2,200,92,116,77,101,193,154,183,0.02710270881652832,6.6492156982421875
BA,1000,8.0,3,20,92,116,77,101,193,154,185,0.028464317321777344,0.6502985954284668
BA,1000,8.0,3,50,92,116,77,101,193,154,186,0.028464317321777344,1.6377182006835938
BA,1000,8.0,3,100,92,116,77,101,193,154,185,0.028464317321777344,3.3172857761383057
BA,1000,8.0,3,200,92,116,77,101,193,154,182,0.028464317321777344,6.664998292922974
BA,1000,8.0,4,20,92,116,76,100,192,154,185,0.02454972267150879,0.6593756675720215
BA,1000,8.0,4,50,92,116,76,100,192,154,184,0.02454972267150879,1.637683391571045
BA,1000,8.0,4,100,92,116,76,100,192,154,183,0.02454972267150879,3.3820948600769043
BA,1000,8.0,4,200,92,116,76,100,192,154,182,0.02454972267150879,6.570464611053467
BA,1000,8.0,5,20,92,116,78,102,194,154,186,0.027588844299316406,0.6586380004882812
BA,1000,8.0,5,50,92,116,78,102,194,154,185,0.027588844299316406,1.6493370532989502
BA,1000,8.0,5,100,92,116,78,102,194,154,183,0.027588844299316406,3.2934672832489014
BA,1000,8.0,5,200,92,116,78,102,194,154,184,0.027588844299316406,6.651736259460449
BA,1000,8.0,6,20,92,116,76,100,192,154,187,0.0274658203125,0.6862516403198242
BA,1000,8.0,6,50,92,116,76,100,192,154,185,0.0274658203125,1.6539483070373535
BA,1000,8.0,6,100,92,116,76,100,192,154,181,0.0274658203125,3.35849928855896
BA,1000,8.0,6,200,92,116,76,100,192,154,181,0.0274658203125,6.523029565811157
BA,1000,8.0,7,20,92,116,77,101,193,154,183,0.028560400009155273,0.6656966209411621
BA,1000,8.0,7,50,92,116,77,101,193,154,183,0.028560400009155273,1.6820216178894043
BA,1000,8.0,7,100,92,116,77,101,193,154,183,0.028560400009155273,3.2671730518341064
BA,1000,8.0,7,200,92,116,77,101,193,154,183,0.028560400009155273,6.629022598266602
BA,1000,8.0,8,20,92,116,82,106,198,154,186,0.0265963077545166,0.6679842472076416
BA,1000,8.0,8,50,92,116,82,106,198,154,184,0.0265963077545166,1.6577258110046387
BA,1000,8.0,8,100,92,116,82,106,198,154,184,0.0265963077545166,3.305776596069336
BA,1000,8.0,8,200,92,116,82,106,198,154,184,0.0265963077545166,6.639655113220215
BA,1000,8.0,9,20,92,116,71,95,187,154,184,0.027580976486206055,0.6625220775604248
BA,1000,8.0,9,50,92,116,71,95,187,154,182,0.027580976486206055,1.6547679901123047
BA,1000,8.0,9,100,92,116,71,95,187,154,183,0.027580976486206055,3.361135721206665
BA,1000,8.0,9,200,92,116,71,95,187,154,182,0.027580976486206055,6.598701238632202
ER,1000,9.0,0,20,11,12,10,11,22,22,22,0.0035834312438964844,2.919332504272461
ER,1000,9.0,0,50,11,12,10,11,22,22,22,0.0035834312438964844,7.193396329879761
ER,1000,9.0,0,100,11,12,10,11,22,22,22,0.0035834312438964844,14.424129009246826
ER,1000,9.0,0,200,11,12,10,11,22,22,22,0.0035834312438964844,29.075957775115967
ER,1000,9.0,1,20,11,12,10,11,22,22,22,0.0035848617553710938,2.9676930904388428
ER,1000,9.0,1,50,11,12,10,11,22,22,22,0.0035848617553710938,7.189168453216553
ER,1000,9.0,1,100,11,12,10,11,22,22,22,0.0035848617553710938,14.609398365020752
ER,1000,9.0,1,200,11,12,10,11,22,22,22,0.0035848617553710938,28.865313053131104
ER,1000,9.0,2,20,11,12,10,11,22,22,22,0.0034842491149902344,2.8794798851013184
ER,1000,9.0,2,50,11,12,10,11,22,22,22,0.0034842491149902344,7.2277562618255615
ER,1000,9.0,2,100,11,12,10,11,22,22,22,0.0034842491149902344,14.669788122177124
ER,1000,9.0,2,200,11,12,10,11,22,22,22,0.0034842491149902344,29.02909827232361
ER,1000,9.0,3,20,11,12,10,11,22,22,22,0.0035507678985595703,2.8996877670288086
ER,1000,9.0,3,50,11,12,10,11,22,22,22,0.0035507678985595703,7.23492431640625
ER,1000,9.0,3,100,11,12,10,11,22,22,22,0.0035507678985595703,14.274070739746094
ER,1000,9.0,3,200,11,12,10,11,22,22,22,0.0035507678985595703,28.641322374343872
ER,1000,9.0,4,20,11,12,10,11,22,22,22,0.003505229949951172,2.9079232215881348
ER,1000,9.0,4,50,11,12,10,11,22,22,22,0.003505229949951172,7.154942989349365
ER,1000,9.0,4,100,11,12,10,11,22,22,22,0.003505229949951172,14.519747495651245
ER,1000,9.0,4,200,11,12,10,11,22,22,22,0.003505229949951172,29.087042331695557
ER,1000,9.0,5,20,11,12,10,11,22,22,22,0.003568410873413086,2.892035961151123
ER,1000,9.0,5,50,11,12,10,11,22,22,22,0.003568410873413086,7.2436442375183105
ER,1000,9.0,5,100,11,12,10,11,22,22,22,0.003568410873413086,14.9659423828125
ER,1000,9.0,5,200,11,12,10,11,22,22,22,0.003568410873413086,29.106026649475098
ER,1000,9.0,6,20,11,12,10,11,22,22,22,0.0035555362701416016,3.0315473079681396
ER,1000,9.0,6,50,11,12,10,11,22,22,22,0.0035555362701416016,7.4630446434021
ER,1000,9.0,6,100,11,12,10,11,22,22,22,0.0035555362701416016,14.70800232887268
ER,1000,9.0,6,200,11,12,10,11,22,22,22,0.0035555362701416016,29.618552446365356
ER,1000,9.0,7,20,11,12,10,11,22,22,22,0.00359344482421875,2.8960304260253906
ER,1000,9.0,7,50,11,12,10,11,22,22,22,0.00359344482421875,7.200853109359741
ER,1000,9.0,7,100,11,12,10,11,22,22,22,0.00359344482421875,14.47770643234253
ER,1000,9.0,7,200,11,12,10,11,22,22,22,0.00359344482421875,28.96380305290222
ER,1000,9.0,8,20,11,12,10,11,22,22,22,0.003554821014404297,2.866208791732788
ER,1000,9.0,8,50,11,12,10,11,22,22,22,0.003554821014404297,7.2054123878479
ER,1000,9.0,8,100,11,12,10,11,22,22,22,0.003554821014404297,14.380632162094116
ER,1000,9.0,8,200,11,12,10,11,22,22,22,0.003554821014404297,28.731199502944946
ER,1000,9.0,9,20,11,12,10,11,22,22,22,0.0034618377685546875,2.908398389816284
ER,1000,9.0,9,50,11,12,10,11,22,22,22,0.0034618377685546875,7.242373466491699
ER,1000,9.0,9,100,11,12,10,11,22,22,22,0.0034618377685546875,14.477699995040894
ER,1000,9.0,9,200,11,12,10,11,22,22,22,0.0034618377685546875,28.822001934051514
BA,1000,9.0,0,20,84,66,76,58,142,130,138,0.026012182235717773,0.7497293949127197
BA,1000,9.0,0,50,84,66,76,58,142,130,137,0.026012182235717773,1.8216822147369385
BA,1000,9.0,0,100,84,66,76,58,142,130,136,0.026012182235717773,3.6073222160339355
BA,1000,9.0,0,200,84,66,76,58,142,130,137,0.026012182235717773,7.166183233261108
BA,1000,9.0,1,20,84,66,75,57,141,130,139,0.024944305419921875,0.87972092628479
BA,1000,9.0,1,50,84,66,75,57,141,130,136,0.024944305419921875,1.8394463062286377
BA,1000,9.0,1,100,84,66,75,57,141,130,136,0.024944305419921875,3.6919639110565186
BA,1000,9.0,1,200,84,66,75,57,141,130,136,0.024944305419921875,7.472105979919434
BA,1000,9.0,2,20,84,66,78,60,144,130,137,0.02810382843017578,0.7641429901123047
BA,1000,9.0,2,50,84,66,78,60,144,130,138,0.02810382843017578,1.8537673950195312
BA,1000,9.0,2,100,84,66,78,60,144,130,136,0.02810382843017578,3.640158176422119
BA,1000,9.0,2,200,84,66,78,60,144,130,135,0.02810382843017578,7.380958557128906
BA,1000,9.0,3,20,84,66,76,58,142,130,137,0.026997089385986328,0.7225565910339355
BA,1000,9.0,3,50,84,66,76,58,142,130,137,0.026997089385986328,1.8505468368530273
BA,1000,9.0,3,100,84,66,76,58,142,130,136,0.026997089385986328,3.5759613513946533
BA,1000,9.0,3,200,84,66,76,58,142,130,136,0.026997089385986328,7.22582745552063
BA,1000,9.0,4,20,84,66,79,61,145,130,139,0.027538537979125977,0.7244784832000732
BA,1000,9.0,4,50,84,66,79,61,145,130,138,0.027538537979125977,1.775477409362793
BA,1000,9.0,4,100,84,66,79,61,145,130,137,0.027538537979125977,3.5664093494415283
BA,1000,9.0,4,200,84,66,79,61,145,130,135,0.027538537979125977,7.433570861816406
BA,1000,9.0,5,20,84,66,77,59,143,130,139,0.02243518829345703,0.7213213443756104
BA,1000,9.0,5,50,84,66,77,59,143,130,137,0.02243518829345703,1.775242567062378
BA,1000,9.0,5,100,84,66,77,59,143,130,136,0.02243518829345703,3.6413233280181885
BA,1000,9.0,5,200,84,66,77,59,143,130,137,0.02243518829345703,7.175312757492065
BA,1000,9.0,6,20,84,66,78,60,144,130,139,0.026431798934936523,0.715789794921875
BA,1000,9.0,6,50,84,66,78,60,144,130,137,0.026431798934936523,1.8055899143218994
BA,1000,9.0,6,100,84,66,78,60,144,130,136,0.026431798934936523,3.663907051086426
BA,1000,9.0,6,200,84,66,78,60,144,130,136,0.026431798934936523,7.143770217895508
BA,1000,9.0,7,20,84,66,76,58,142,130,138,0.030930519104003906,0.7241513729095459
BA,1000,9.0,7,50,84,66,76,58,142,130,136,0.030930519104003906,1.8055169582366943
BA,1000,9.0,7,100,84,66,76,58,142,130,136,0.030930519104003906,3.5782670974731445
BA,1000,9.0,7,200,84,66,76,58,142,130,135,0.030930519104003906,7.223845958709717
BA,1000,9.0,8,20,84,66,78,60,144,130,138,0.031778812408447266,0.7331931591033936
BA,1000,9.0,8,50,84,66,78,60,144,130,136,0.031778812408447266,1.8078739643096924
BA,1000,9.0,8,100,84,66,78,60,144,130,136,0.031778812408447266,3.659083366394043
BA,1000,9.0,8,200,84,66,78,60,144,130,134,0.031778812408447266,7.194393873214722
BA,1000,9.0,9,20,84,66,75,57,141,130,138,0.02772378921508789,0.7261090278625488
BA,1000,9.0,9,50,84,66,75,57,141,130,138,0.02772378921508789,1.8062913417816162
BA,1000,9.0,9,100,84,66,75,57,141,130,136,0.02772378921508789,3.606154680252075
BA,1000,9.0,9,200,84,66,75,57,141,130,136,0.02772378921508789,7.207040309906006
ER,1000,10.0,0,20,9,10,9,10,19,17,19,0.00920248031616211,1.6840198040008545
ER,1000,10.0,0,50,9,10,9,10,19,17,18,0.00920248031616211,4.345337867736816
ER,1000,10.0,0,100,9,10,9,10,19,17,18,0.00920248031616211,8.39650583267212
ER,1000,10.0,0,200,9,10,9,10,19,17,18,0.00920248031616211,16.815475702285767
ER,1000,10.0,1,20,9,10,9,10,19,17,18,0.02149176597595215,1.9049913883209229
ER,1000,10.0,1,50,9,10,9,10,19,17,18,0.02149176597595215,4.114369630813599
ER,1000,10.0,1,100,9,10,9,10,19,17,19,0.02149176597595215,8.37340235710144
ER,1000,10.0,1,200,9,10,9,10,19,17,18,0.02149176597595215,16.982781887054443
ER,1000,10.0,2,20,9,10,9,10,19,17,19,0.003988981246948242,1.654926061630249
ER,1000,10.0,2,50,9,10,9,10,19,17,18,0.003988981246948242,4.0883097648620605
ER,1000,10.0,2,100,9,10,9,10,19,17,19,0.003988981246948242,8.2875657081604
ER,1000,10.0,2,200,9,10,9,10,19,17,18,0.003988981246948242,16.988868713378906
ER,1000,10.0,3,20,9,10,9,10,19,17,19,0.004002094268798828,1.6346282958984375
ER,1000,10.0,3,50,9,10,9,10,19,17,18,0.004002094268798828,4.321822166442871
ER,1000,10.0,3,100,9,10,9,10,19,17,18,0.004002094268798828,8.205111265182495
ER,1000,10.0,3,200,9,10,9,10,19,17,18,0.004002094268798828,17.127864360809326
ER,1000,10.0,4,20,9,10,9,10,19,17,18,0.004087686538696289,1.676184892654419
ER,1000,10.0,4,50,9,10,9,10,19,17,18,0.004087686538696289,4.127633810043335
ER,1000,10.0,4,100,9,10,9,10,19,17,18,0.004087686538696289,8.191874980926514
ER,1000,10.0,4,200,9,10,9,10,19,17,18,0.004087686538696289,16.78403091430664
ER,1000,10.0,5,20,9,10,9,10,19,17,19,0.004019975662231445,1.7323458194732666
ER,1000,10.0,5,50,9,10,9,10,19,17,19,0.004019975662231445,4.064452171325684
ER,1000,10.0,5,100,9,10,9,10,19,17,19,0.004019975662231445,8.231870889663696
ER,1000,10.0,5,200,9,10,9,10,19,17,18,0.004019975662231445,16.906694889068604
ER,1000,10.0,6,20,9,10,9,10,19,17,19,0.00402522087097168,1.7012057304382324
ER,1000,10.0,6,50,9,10,9,10,19,17,18,0.00402522087097168,4.101248502731323
ER,1000,10.0,6,100,9,10,9,10,19,17,18,0.00402522087097168,8.37706732749939
ER,1000,10.0,6,200,9,10,9,10,19,17,18,0.00402522087097168,17.454996824264526
ER,1000,10.0,7,20,9,10,9,10,19,17,19,0.003972768783569336,1.6336817741394043
ER,1000,10.0,7,50,9,10,9,10,19,17,19,0.003972768783569336,4.090168714523315
ER,1000,10.0,7,100,9,10,9,10,19,17,18,0.003972768783569336,8.287757158279419
ER,1000,10.0,7,200,9,10,9,10,19,17,18,0.003972768783569336,16.944639921188354
ER,1000,10.0,8,20,9,10,9,10,19,17,19,0.0039653778076171875,1.6376335620880127
ER,1000,10.0,8,50,9,10,9,10,19,17,18,0.0039653778076171875,4.077062129974365
ER,1000,10.0,8,100,9,10,9,10,19,17,18,0.0039653778076171875,8.35793662071228
ER,1000,10.0,8,200,9,10,9,10,19,17,18,0.0039653778076171875,16.894381999969482
ER,1000,10.0,9,20,9,10,9,10,19,17,19,0.004008293151855469,1.6377508640289307
ER,1000,10.0,9,50,9,10,9,10,19,17,19,0.004008293151855469,4.128040313720703
ER,1000,10.0,9,100,9,10,9,10,19,17,18,0.004008293151855469,8.20783519744873
ER,1000,10.0,9,200,9,10,9,10,19,17,18,0.004008293151855469,16.772149562835693
BA,1000,10.0,0,20,39,48,35,44,83,69,80,0.029540300369262695,0.8181343078613281
BA,1000,10.0,0,50,39,48,35,44,83,69,81,0.029540300369262695,2.0012686252593994
BA,1000,10.0,0,100,39,48,35,44,83,69,80,0.029540300369262695,4.007315635681152
BA,1000,10.0,0,200,39,48,35,44,83,69,78,0.029540300369262695,7.986111879348755
BA,1000,10.0,1,20,39,48,36,45,84,69,80,0.03544044494628906,0.8140788078308105
BA,1000,10.0,1,50,39,48,36,45,84,69,80,0.03544044494628906,1.954561471939087
BA,1000,10.0,1,100,39,48,36,45,84,69,80,0.03544044494628906,4.011506795883179
BA,1000,10.0,1,200,39,48,36,45,84,69,79,0.03544044494628906,8.431413173675537
BA,1000,10.0,2,20,39,48,35,44,83,69,80,0.02547740936279297,0.8373541831970215
BA,1000,10.0,2,50,39,48,35,44,83,69,80,0.02547740936279297,2.074491500854492
BA,1000,10.0,2,100,39,48,35,44,83,69,79,0.02547740936279297,4.057619094848633
BA,1000,10.0,2,200,39,48,35,44,83,69,79,0.02547740936279297,8.095478057861328
BA,1000,10.0,3,20,39,48,34,43,82,69,81,0.025254487991333008,0.8076236248016357
BA,1000,10.0,3,50,39,48,34,43,82,69,78,0.025254487991333008,2.0090174674987793
BA,1000,10.0,3,100,39,48,34,43,82,69,80,0.025254487991333008,4.042798280715942
BA,1000,10.0,3,200,39,48,34,43,82,69,79,0.025254487991333008,8.058903455734253
BA,1000,10.0,4,20,39,48,36,45,84,69,80,0.02758169174194336,0.8303968906402588
BA,1000,10.0,4,50,39,48,36,45,84,69,79,0.02758169174194336,2.017326593399048
BA,1000,10.0,4,100,39,48,36,45,84,69,80,0.02758169174194336,4.034650087356567
BA,1000,10.0,4,200,39,48,36,45,84,69,79,0.02758169174194336,7.960751056671143
BA,1000,10.0,5,20,39,48,36,45,84,69,80,0.02379751205444336,0.7968764305114746
BA,1000,10.0,5,50,39,48,36,45,84,69,79,0.02379751205444336,2.017711639404297
BA,1000,10.0,5,100,39,48,36,45,84,69,79,0.02379751205444336,4.076754808425903
BA,1000,10.0,5,200,39,48,36,45,84,69,79,0.02379751205444336,8.293190956115723
BA,1000,10.0,6,20,39,48,34,43,82,69,79,0.027301788330078125,0.8501908779144287
BA,1000,10.0,6,50,39,48,34,43,82,69,80,0.027301788330078125,2.0312659740448
BA,1000,10.0,6,100,39,48,34,43,82,69,79,0.027301788330078125,4.020760536193848
BA,1000,10.0,6,200,39,48,34,43,82,69,80,0.027301788330078125,8.08502721786499
BA,1000,10.0,7,20,39,48,36,45,84,69,80,0.025534868240356445,0.8027336597442627
BA,1000,10.0,7,50,39,48,36,45,84,69,80,0.025534868240356445,1.9983084201812744
BA,1000,10.0,7,100,39,48,36,45,84,69,78,0.025534868240356445,4.001667737960815
BA,1000,10.0,7,200,39,48,36,45,84,69,79,0.025534868240356445,8.005979776382446
BA,1000,10.0,8,20,39,48,36,45,84,69,80,0.024969100952148438,0.7977237701416016
BA,1000,10.0,8,50,39,48,36,45,84,69,81,0.024969100952148438,2.0001533031463623
BA,1000,10.0,8,100,39,48,36,45,84,69,80,0.024969100952148438,4.017217636108398
BA,1000,10.0,8,200,39,48,36,45,84,69,80,0.024969100952148438,8.069275140762329
BA,1000,10.0,9,20,39,48,37,46,85,69,81,0.03091907501220703,0.7792396545410156
BA,1000,10.0,9,50,39,48,37,46,85,69,79,0.03091907501220703,2.0276849269866943
BA,1000,10.0,9,100,39,48,37,46,85,69,79,0.03091907501220703,3.9874019622802734
BA,1000,10.0,9,200,39,48,37,46,85,69,79,0.03091907501220703,8.100849866867065
